[{"teste":"teste novo","perguntas":[{"pergunta":"teste do tigui","opcaoA":"a ","opcaoB":"b","opcaoC":"c","opcaoD":"d","opcaoE":"e","resposta":"opcaoA"},{"pergunta":"opa","opcaoA":"aspod","opcaoB":"pokas","opcaoC":"pokadp","opcaoD":"aposdk","opcaoE":"pokda","resposta":"opcaoB"},{"pergunta":"asdasd","opcaoA":"","opcaoB":"","opcaoC":"","opcaoD":"","opcaoE":"","resposta":"opcaoA"}]},{"teste":"Teste Matematica","perguntas":[{"pergunta":"Quanto é 2 + 2?","opcaoA":"10","opcaoB":"3","opcaoC":"5","opcaoD":"4","opcaoE":"0","resposta":"opcaoD"},{"pergunta":"metade de 2 + 2","opcaoA":"4","opcaoB":"3","opcaoC":"2","opcaoD":"5","opcaoE":"1","resposta":"opcaoB"},{"pergunta":"qual valor aproximado de pi?","opcaoA":"5,102","opcaoB":"1,254","opcaoC":"2,15","opcaoD":"3,14","opcaoE":"3,125","resposta":"opcaoD"},{"pergunta":"120 + 20","opcaoA":"140","opcaoB":"120","opcaoC":"130","opcaoD":"150","opcaoE":"160","resposta":"opcaoA"}]},{"teste":"Teste Futebol","perguntas":[]},{"teste":"Teste CS","perguntas":[]},{"teste":"outro","perguntas":[{"pergunta":"qual o cpf da juju","opcaoA":"07757495911","opcaoB":"08542613970","opcaoC":"4555455545","opcaoD":"21112112112121","opcaoE":"3321223212","resposta":"opcaoB"}]},{"teste":"Teste Esporte","perguntas":[{"pergunta":"Maior clube do mundo?","opcaoA":"Real Madrid","opcaoB":"Barcelona","opcaoC":"Milan","opcaoD":"Bayern","opcaoE":"Criciúma","resposta":"opcaoE"}]}]